RecordId,Price,oldValue
www.imot.bg/pcgi/imot.cgi?act=5&adv=1c165899784453029,Цена при запитване,
www.imot.bg/pcgi/imot.cgi?act=5&adv=1c165899903083099,Цена при запитване,
www.imot.bg/pcgi/imot.cgi?act=5&adv=1d168927514534766,550 000 EUR,
www.imot.bg/pcgi/imot.cgi?act=5&adv=1c168674514753145,176 340 EUR,
www.imot.bg/pcgi/imot.cgi?act=5&adv=1c166498651688123,220 000 EUR,
www.imot.bg/pcgi/imot.cgi?act=5&adv=1c168673951588175,142 600 EUR,
www.imot.bg/pcgi/imot.cgi?act=5&adv=1c168664047710951,292 890 EUR,
www.imot.bg/pcgi/imot.cgi?act=5&adv=1c166055981141950,368 000 EUR,
www.imot.bg/pcgi/imot.cgi?act=5&adv=1c168778233257241,220 000 EUR,
www.imot.bg/pcgi/imot.cgi?act=5&adv=1c165460667148233,240 000 EUR,
www.imot.bg/pcgi/imot.cgi?act=5&adv=1d167932160320554,590 000 EUR,
www.imot.bg/pcgi/imot.cgi?act=5&adv=1c166832486364513,278 370 EUR,
www.imot.bg/pcgi/imot.cgi?act=5&adv=1c166928615395132,291 697 EUR,
www.imot.bg/pcgi/imot.cgi?act=5&adv=1c168716700121563,319 000 EUR,
www.imot.bg/pcgi/imot.cgi?act=5&adv=1c168189506531516,159 900 EUR,
www.imot.bg/pcgi/imot.cgi?act=5&adv=1c165244920795125,140 399 EUR,
www.imot.bg/pcgi/imot.cgi?act=5&adv=1d168314188120573,669 900 EUR,
www.imot.bg/pcgi/imot.cgi?act=5&adv=1c168612471936386,299 000 EUR,
www.imot.bg/pcgi/imot.cgi?act=5&adv=1c168596864011438,277 900 EUR,
www.imot.bg/pcgi/imot.cgi?act=5&adv=1c168597180492655,250 000 EUR,
www.imot.bg/pcgi/imot.cgi?act=5&adv=1c168588335882225,195 600 EUR,
www.imot.bg/pcgi/imot.cgi?act=5&adv=1c168241321832492,214 016 EUR,
www.imot.bg/pcgi/imot.cgi?act=5&adv=1d168597728587014,576 090 EUR,
www.imot.bg/pcgi/imot.cgi?act=5&adv=1c168597730931106,223 784 EUR,
www.imot.bg/pcgi/imot.cgi?act=5&adv=1c168597731866415,230 483 EUR,
www.imot.bg/pcgi/imot.cgi?act=5&adv=1c168819527840786,225 000 EUR,
www.imot.bg/pcgi/imot.cgi?act=5&adv=1c154954395789645,318 000 EUR,
www.imot.bg/pcgi/imot.cgi?act=5&adv=1c168301037750383,157 900 EUR,
www.imot.bg/pcgi/imot.cgi?act=5&adv=1c167523113084509,157 900 EUR,
www.imot.bg/pcgi/imot.cgi?act=5&adv=1c168795176893736,180 600 EUR,
www.imot.bg/pcgi/imot.cgi?act=5&adv=1d131703479549443,288 423 EUR,
www.imot.bg/pcgi/imot.cgi?act=5&adv=1c168051121666672,149 000 EUR,
www.imot.bg/pcgi/imot.cgi?act=5&adv=1c167756906076679,245 000 EUR,
www.imot.bg/pcgi/imot.cgi?act=5&adv=1c168422963971107,199 030 EUR,
www.imot.bg/pcgi/imot.cgi?act=5&adv=1c167767523921236,265 800 EUR,
www.imot.bg/pcgi/imot.cgi?act=5&adv=1c168474689512523,178 330 EUR,
www.imot.bg/pcgi/imot.cgi?act=5&adv=1d165709576616289,297 890 EUR,
www.imot.bg/pcgi/imot.cgi?act=5&adv=1c168745678617282,318 990 EUR,
www.imot.bg/pcgi/imot.cgi?act=5&adv=1c168735450536226,157 900 EUR,
www.imot.bg/pcgi/imot.cgi?act=5&adv=1c168000482507015,319 000 EUR,
www.imot.bg/pcgi/imot.cgi?act=5&adv=1c168693109838834,318 990 EUR,
www.imot.bg/pcgi/imot.cgi?act=5&adv=1c168691105813950,237 000 EUR,
www.imot.bg/pcgi/imot.cgi?act=5&adv=1c168561287696665,142 600 EUR,
www.imot.bg/pcgi/imot.cgi?act=5&adv=1c168328696077258,315 317 EUR,
www.imot.bg/pcgi/imot.cgi?act=5&adv=1c168319323905030,264 000 EUR,
www.imot.bg/pcgi/imot.cgi?act=5&adv=1c168596485164019,169 000 EUR,
www.imot.bg/pcgi/imot.cgi?act=5&adv=1c167319443359433,240 000 EUR,
www.imot.bg/pcgi/imot.cgi?act=5&adv=1d166487545352938,230 736 EUR,
www.imot.bg/pcgi/imot.cgi?act=5&adv=1c165245514707508,183 201 EUR,
www.imot.bg/pcgi/imot.cgi?act=5&adv=1c165762818993527,195 000 EUR,
www.imot.bg/pcgi/imot.cgi?act=5&adv=1c168923531053728,270 576 EUR,
www.imot.bg/pcgi/imot.cgi?act=5&adv=1c168795903692063,155 000 EUR,
www.imot.bg/pcgi/imot.cgi?act=5&adv=1c168424495045579,213 000 EUR,
www.imot.bg/pcgi/imot.cgi?act=5&adv=1c168916119126429,233 488 EUR,
www.imot.bg/pcgi/imot.cgi?act=5&adv=1c168916014206874,199 920 EUR,
www.imot.bg/pcgi/imot.cgi?act=5&adv=1c168915576677724,195 690 EUR,
www.imot.bg/pcgi/imot.cgi?act=5&adv=1c168915495279939,164 830 EUR,
www.imot.bg/pcgi/imot.cgi?act=5&adv=1c168179416148174,157 900 EUR,
www.imot.bg/pcgi/imot.cgi?act=5&adv=1d168909487091851,350 000 EUR,
www.imot.bg/pcgi/imot.cgi?act=5&adv=1c168879712107189,260 000 EUR,
www.imot.bg/pcgi/imot.cgi?act=5&adv=1c168914290657051,270 000 EUR,
www.imot.bg/pcgi/imot.cgi?act=5&adv=1c168906871086253,205 000 EUR,
www.imot.bg/pcgi/imot.cgi?act=5&adv=1d168904124345867,360 000 EUR,
www.imot.bg/pcgi/imot.cgi?act=5&adv=1c165460612468850,240 000 EUR,
www.imot.bg/pcgi/imot.cgi?act=5&adv=1c167353002718999,187 500 EUR,
www.imot.bg/pcgi/imot.cgi?act=5&adv=1c168897498472700,180 456 EUR,
www.imot.bg/pcgi/imot.cgi?act=5&adv=1c168897489963240,186 411 EUR,
www.imot.bg/pcgi/imot.cgi?act=5&adv=1c168804664788943,220 000 EUR,
www.imot.bg/pcgi/imot.cgi?act=5&adv=1c167040141623226,273 000 EUR,
www.imot.bg/pcgi/imot.cgi?act=5&adv=1c168180008154717,167 400 EUR,
www.imot.bg/pcgi/imot.cgi?act=5&adv=1c167040302661005,180 000 EUR,
www.imot.bg/pcgi/imot.cgi?act=5&adv=1c168865563272809,246 584 EUR,
www.imot.bg/pcgi/imot.cgi?act=5&adv=1d168865561753469,318 786 EUR,
www.imot.bg/pcgi/imot.cgi?act=5&adv=1c167741794415851,313 968 EUR,
www.imot.bg/pcgi/imot.cgi?act=5&adv=1c168864527904560,253 000 EUR,
www.imot.bg/pcgi/imot.cgi?act=5&adv=1c164484000736104,176 300 EUR,
www.imot.bg/pcgi/imot.cgi?act=5&adv=1c167533793519505,127 000 EUR,
www.imot.bg/pcgi/imot.cgi?act=5&adv=1c168620702097193,157 900 EUR,
www.imot.bg/pcgi/imot.cgi?act=5&adv=1c168363620213463,217 000 EUR,
www.imot.bg/pcgi/imot.cgi?act=5&adv=1c167577521935990,243 000 EUR,
www.imot.bg/pcgi/imot.cgi?act=5&adv=1d167707940272848,260 000 EUR,
www.imot.bg/pcgi/imot.cgi?act=5&adv=1c166220009435079,244 420 EUR,
www.imot.bg/pcgi/imot.cgi?act=5&adv=1c168121839139649,256 474 EUR,
www.imot.bg/pcgi/imot.cgi?act=5&adv=1c162391522607246,209 563 EUR,
www.imot.bg/pcgi/imot.cgi?act=5&adv=1c162384587824323,292 352 EUR,
www.imot.bg/pcgi/imot.cgi?act=5&adv=1c162391406510128,212 598 EUR,
www.imot.bg/pcgi/imot.cgi?act=5&adv=1c162384367730726,206 069 EUR,
www.imot.bg/pcgi/imot.cgi?act=5&adv=1c162384082816237,210 941 EUR,
www.imot.bg/pcgi/imot.cgi?act=5&adv=1c168121584496089,198 518 EUR,
www.imot.bg/pcgi/imot.cgi?act=5&adv=1c162391368810855,182 927 EUR,
www.imot.bg/pcgi/imot.cgi?act=5&adv=1c162391702984049,219 420 EUR,
www.imot.bg/pcgi/imot.cgi?act=5&adv=1c162391314515244,209 898 EUR,
www.imot.bg/pcgi/imot.cgi?act=5&adv=1c168121987930095,313 324 EUR,
www.imot.bg/pcgi/imot.cgi?act=5&adv=1d167595492415443,387 500 EUR,
www.imot.bg/pcgi/imot.cgi?act=5&adv=1c167598188658298,276 500 EUR,
www.imot.bg/pcgi/imot.cgi?act=5&adv=1c167925649992932,308 000 EUR,
www.imot.bg/pcgi/imot.cgi?act=5&adv=1c168811639605999,284 080 EUR,
www.imot.bg/pcgi/imot.cgi?act=5&adv=1c168811601206815,233 500 EUR,
www.imot.bg/pcgi/imot.cgi?act=5&adv=1c167523123642830,178 800 EUR,
www.imot.bg/pcgi/imot.cgi?act=5&adv=1c168553434419302,144 000 EUR,
www.imot.bg/pcgi/imot.cgi?act=5&adv=1d166810103583878,490 000 EUR,
www.imot.bg/pcgi/imot.cgi?act=5&adv=1c168381669152330,165 000 EUR,
www.imot.bg/pcgi/imot.cgi?act=5&adv=1c168532376780938,205 200 EUR,
www.imot.bg/pcgi/imot.cgi?act=5&adv=1c166135287339403,172 000 EUR,
www.imot.bg/pcgi/imot.cgi?act=5&adv=1c168753007922408,211 200 EUR,
www.imot.bg/pcgi/imot.cgi?act=5&adv=1d168474423897394,303 700 EUR,
www.imot.bg/pcgi/imot.cgi?act=5&adv=1c168474747646576,187 450 EUR,
www.imot.bg/pcgi/imot.cgi?act=5&adv=1d167992616576978,516 000 EUR,
www.imot.bg/pcgi/imot.cgi?act=5&adv=1c167595149447229,Цена при запитване,
www.imot.bg/pcgi/imot.cgi?act=5&adv=1c167992621627360,312 000 EUR,
www.imot.bg/pcgi/imot.cgi?act=5&adv=1c120031927827096,139 990 EUR,
www.imot.bg/pcgi/imot.cgi?act=5&adv=1c168632280674590,292 890 EUR,
www.imot.bg/pcgi/imot.cgi?act=5&adv=1c163654858654412,142 500 EUR,
www.imot.bg/pcgi/imot.cgi?act=5&adv=1c167992618234177,300 000 EUR,
www.imot.bg/pcgi/imot.cgi?act=5&adv=1c168544621617200,213 656 EUR,
www.imot.bg/pcgi/imot.cgi?act=5&adv=1c168543588578191,187 000 EUR,
www.imot.bg/pcgi/imot.cgi?act=5&adv=1d165529484381821,360 000 EUR,
www.imot.bg/pcgi/imot.cgi?act=5&adv=1c168422930330778,850 000 EUR,
www.imot.bg/pcgi/imot.cgi?act=5&adv=1c168412452643276,217 000 EUR,
www.imot.bg/pcgi/imot.cgi?act=5&adv=1d167930353639991,500 000 EUR,
www.imot.bg/pcgi/imot.cgi?act=5&adv=1c167154045417643,465 000 EUR,
www.imot.bg/pcgi/imot.cgi?act=5&adv=1d165692798010671,309 000 EUR,
www.imot.bg/pcgi/imot.cgi?act=5&adv=1c168674312455848,277 900 EUR,
www.imot.bg/pcgi/imot.cgi?act=5&adv=1c168928614096900,288 430 EUR,
www.imot.bg/pcgi/imot.cgi?act=5&adv=1d168927782630528,201 990 EUR,
www.imot.bg/pcgi/imot.cgi?act=5&adv=1c168927781865873,177 800 EUR,
www.imot.bg/pcgi/imot.cgi?act=5&adv=1c168927778182038,164 500 EUR,
www.imot.bg/pcgi/imot.cgi?act=5&adv=1c168927777317841,139 990 EUR,
www.imot.bg/pcgi/imot.cgi?act=5&adv=1d168927776500619,186 990 EUR,
www.imot.bg/pcgi/imot.cgi?act=5&adv=1c168927775605800,146 990 EUR,
www.imot.bg/pcgi/imot.cgi?act=5&adv=1c168927773799475,144 990 EUR,
www.imot.bg/pcgi/imot.cgi?act=5&adv=1c163482382283623,411 000 EUR,
www.imot.bg/pcgi/imot.cgi?act=5&adv=1c164242297170570,419 250 EUR,
www.imot.bg/pcgi/imot.cgi?act=5&adv=1c164690142092440,326 082 EUR,
www.imot.bg/pcgi/imot.cgi?act=5&adv=1c163714951905990,308 000 EUR,
www.imot.bg/pcgi/imot.cgi?act=5&adv=1c168657751303542,269 990 EUR,
www.imot.bg/pcgi/imot.cgi?act=5&adv=1d168925176578853,410 000 EUR,
www.imot.bg/pcgi/imot.cgi?act=5&adv=1c168643688997814,288 423 EUR,
www.imot.bg/pcgi/imot.cgi?act=5&adv=1c168643773982665,315 317 EUR,
www.imot.bg/pcgi/imot.cgi?act=5&adv=1c167154544465600,270 000 EUR,
www.imot.bg/pcgi/imot.cgi?act=5&adv=1c168665279585103,242 500 EUR,
www.imot.bg/pcgi/imot.cgi?act=5&adv=1c165839794078310,370 000 EUR,
www.imot.bg/pcgi/imot.cgi?act=5&adv=1c168924186143523,165 000 EUR,
www.imot.bg/pcgi/imot.cgi?act=5&adv=1d168389713421633,690 000 EUR,
www.imot.bg/pcgi/imot.cgi?act=5&adv=1c164828966421056,195 000 EUR,
www.imot.bg/pcgi/imot.cgi?act=5&adv=1c168356388585934,369 999 EUR,
www.imot.bg/pcgi/imot.cgi?act=5&adv=1c165245457501340,218 600 EUR,
www.imot.bg/pcgi/imot.cgi?act=5&adv=1c168923633019914,174 251 EUR,
www.imot.bg/pcgi/imot.cgi?act=5&adv=1c168923618620365,228 113 EUR,
www.imot.bg/pcgi/imot.cgi?act=5&adv=1d167880669236110,333 000 EUR,
www.imot.bg/pcgi/imot.cgi?act=5&adv=1c165651493819847,240 000 EUR,
www.imot.bg/pcgi/imot.cgi?act=5&adv=1d161208581884754,362 000 EUR,
www.imot.bg/pcgi/imot.cgi?act=5&adv=1c168431317057773,250 000 EUR,
www.imot.bg/pcgi/imot.cgi?act=5&adv=1c168663991581315,277 900 EUR,
www.imot.bg/pcgi/imot.cgi?act=5&adv=1d165650130636608,309 000 EUR,
www.imot.bg/pcgi/imot.cgi?act=5&adv=1d168189611733887,334 006 EUR,
www.imot.bg/pcgi/imot.cgi?act=5&adv=1c168025057978974,419 990 EUR,
www.imot.bg/pcgi/imot.cgi?act=5&adv=1c167178982495794,270 574 EUR,
www.imot.bg/pcgi/imot.cgi?act=5&adv=1c168916947155161,214 830 EUR,
www.imot.bg/pcgi/imot.cgi?act=5&adv=1c168916930229957,213 642 EUR,
www.imot.bg/pcgi/imot.cgi?act=5&adv=1d167820483163638,611 475 EUR,
www.imot.bg/pcgi/imot.cgi?act=5&adv=1c167820484317469,265 800 EUR,
www.imot.bg/pcgi/imot.cgi?act=5&adv=1c167293554070494,316 000 EUR,
www.imot.bg/pcgi/imot.cgi?act=5&adv=1c168916257018198,160 000 EUR,
www.imot.bg/pcgi/imot.cgi?act=5&adv=1d168915987628263,452 500 EUR,
www.imot.bg/pcgi/imot.cgi?act=5&adv=1d168915812015841,377 150 EUR,
www.imot.bg/pcgi/imot.cgi?act=5&adv=1d168915769833334,327 250 EUR,
www.imot.bg/pcgi/imot.cgi?act=5&adv=1c167955979887503,245 000 EUR,
www.imot.bg/pcgi/imot.cgi?act=5&adv=1c168414273548269,205 000 EUR,
www.imot.bg/pcgi/imot.cgi?act=5&adv=1c166153147085486,155 990 EUR,
www.imot.bg/pcgi/imot.cgi?act=5&adv=1d168908390986599,201 990 EUR,
www.imot.bg/pcgi/imot.cgi?act=5&adv=1c168908338859549,159 990 EUR,
www.imot.bg/pcgi/imot.cgi?act=5&adv=1c168908295885170,146 990 EUR,
www.imot.bg/pcgi/imot.cgi?act=5&adv=1d163853859792222,187 000 EUR,
www.imot.bg/pcgi/imot.cgi?act=5&adv=1c165209381420182,185 000 EUR,
www.imot.bg/pcgi/imot.cgi?act=5&adv=1c163975151530170,155 000 EUR,
www.imot.bg/pcgi/imot.cgi?act=5&adv=1c168017884365794,157 900 EUR,
www.imot.bg/pcgi/imot.cgi?act=5&adv=1c165233893292669,194 524 EUR,
www.imot.bg/pcgi/imot.cgi?act=5&adv=1c163593084546215,334 006 EUR,
www.imot.bg/pcgi/imot.cgi?act=5&adv=1c168399498730712,330 000 EUR,
www.imot.bg/pcgi/imot.cgi?act=5&adv=1c168116701700893,210 100 EUR,
www.imot.bg/pcgi/imot.cgi?act=5&adv=1c167705604737652,210 941 EUR,
www.imot.bg/pcgi/imot.cgi?act=5&adv=1d168906710912483,243 045 EUR,
www.imot.bg/pcgi/imot.cgi?act=5&adv=1c168640249646150,183 000 EUR,
www.imot.bg/pcgi/imot.cgi?act=5&adv=1c166740294188541,270 699 EUR,
www.imot.bg/pcgi/imot.cgi?act=5&adv=1c165407122893630,199 924 EUR,
www.imot.bg/pcgi/imot.cgi?act=5&adv=1c165407126650444,233 488 EUR,
www.imot.bg/pcgi/imot.cgi?act=5&adv=1c165407153288066,197 689 EUR,
www.imot.bg/pcgi/imot.cgi?act=5&adv=1c165407118875782,213 082 EUR,
www.imot.bg/pcgi/imot.cgi?act=5&adv=1c165407110447558,228 494 EUR,
www.imot.bg/pcgi/imot.cgi?act=5&adv=1c165407106258841,195 693 EUR,
www.imot.bg/pcgi/imot.cgi?act=5&adv=1c167843936044352,173 900 EUR,
www.imot.bg/pcgi/imot.cgi?act=5&adv=1c168129609317496,225 000 EUR,
www.imot.bg/pcgi/imot.cgi?act=5&adv=1c168129660423920,245 000 EUR,
www.imot.bg/pcgi/imot.cgi?act=5&adv=1c167827986656149,350 000 EUR,
www.imot.bg/pcgi/imot.cgi?act=5&adv=1c167292345608917,194 900 EUR,
www.imot.bg/pcgi/imot.cgi?act=5&adv=1c168899193595077,260 000 EUR,
www.imot.bg/pcgi/imot.cgi?act=5&adv=1c164458410122022,170 000 EUR,
www.imot.bg/pcgi/imot.cgi?act=5&adv=1c165296472004856,165 690 EUR,
www.imot.bg/pcgi/imot.cgi?act=5&adv=1c166566631405132,247 632 EUR,
www.imot.bg/pcgi/imot.cgi?act=5&adv=1c168898457191985,180 000 EUR,
www.imot.bg/pcgi/imot.cgi?act=5&adv=1c166505285586957,174 251 EUR,
www.imot.bg/pcgi/imot.cgi?act=5&adv=1c166505167680921,228 113 EUR,
www.imot.bg/pcgi/imot.cgi?act=5&adv=1c166504828192312,222 666 EUR,
www.imot.bg/pcgi/imot.cgi?act=5&adv=1c168897764560919,214 664 EUR,
www.imot.bg/pcgi/imot.cgi?act=5&adv=1d167464672433971,365 000 EUR,
www.imot.bg/pcgi/imot.cgi?act=5&adv=1c167464562738777,309 228 EUR,
www.imot.bg/pcgi/imot.cgi?act=5&adv=1d166126297661256,450 000 EUR,
www.imot.bg/pcgi/imot.cgi?act=5&adv=1c168129991308235,197 000 EUR,
www.imot.bg/pcgi/imot.cgi?act=5&adv=1c167628631224174,225 500 EUR,
www.imot.bg/pcgi/imot.cgi?act=5&adv=1c168129991877691,213 000 EUR,
www.imot.bg/pcgi/imot.cgi?act=5&adv=1d168121530698817,550 000 EUR,
www.imot.bg/pcgi/imot.cgi?act=5&adv=1c166618986631578,292 843 EUR,
www.imot.bg/pcgi/imot.cgi?act=5&adv=1c163586039818349,143 990 EUR,
www.imot.bg/pcgi/imot.cgi?act=5&adv=1c168380917666271,225 000 EUR,
www.imot.bg/pcgi/imot.cgi?act=5&adv=1c168873679309228,182 927 EUR,
www.imot.bg/pcgi/imot.cgi?act=5&adv=1c168873436630408,277 900 EUR,
www.imot.bg/pcgi/imot.cgi?act=5&adv=1c168620974784524,324 900 EUR,
www.imot.bg/pcgi/imot.cgi?act=5&adv=1d168872690465284,208 000 EUR,
www.imot.bg/pcgi/imot.cgi?act=5&adv=1c168241450612493,271 660 EUR,
www.imot.bg/pcgi/imot.cgi?act=5&adv=1d165667818472957,309 000 EUR,
www.imot.bg/pcgi/imot.cgi?act=5&adv=1d164387661138980,208 000 EUR,
www.imot.bg/pcgi/imot.cgi?act=5&adv=1d166755278776493,207 990 EUR,
www.imot.bg/pcgi/imot.cgi?act=5&adv=1c163248243884869,400 800 EUR,
www.imot.bg/pcgi/imot.cgi?act=5&adv=1c168277009679158,285 000 EUR,
www.imot.bg/pcgi/imot.cgi?act=5&adv=1c168138819434235,178 800 EUR,
www.imot.bg/pcgi/imot.cgi?act=5&adv=1c168138641538658,218 300 EUR,
www.imot.bg/pcgi/imot.cgi?act=5&adv=1c168138642123215,194 200 EUR,
www.imot.bg/pcgi/imot.cgi?act=5&adv=1c168137306087780,235 000 EUR,
www.imot.bg/pcgi/imot.cgi?act=5&adv=1c168137407178550,260 000 EUR,
www.imot.bg/pcgi/imot.cgi?act=5&adv=1c168629002162729,157 900 EUR,
www.imot.bg/pcgi/imot.cgi?act=5&adv=1c168120121961344,179 000 EUR,
www.imot.bg/pcgi/imot.cgi?act=5&adv=1c168120630631148,182 000 EUR,
www.imot.bg/pcgi/imot.cgi?act=5&adv=1c168120121199470,179 000 EUR,
www.imot.bg/pcgi/imot.cgi?act=5&adv=1c163852711431891,Цена при запитване,
www.imot.bg/pcgi/imot.cgi?act=5&adv=1d168365700465743,500 000 EUR,
www.imot.bg/pcgi/imot.cgi?act=5&adv=1d164553030435648,307 000 EUR,
www.imot.bg/pcgi/imot.cgi?act=5&adv=1d167144366214199,1 500 000 EUR,
www.imot.bg/pcgi/imot.cgi?act=5&adv=1d167144287541614,1 500 000 EUR,
www.imot.bg/pcgi/imot.cgi?act=5&adv=1c168864627338355,369 000 EUR,
www.imot.bg/pcgi/imot.cgi?act=5&adv=1c168864499849186,249 999 EUR,
www.imot.bg/pcgi/imot.cgi?act=5&adv=1d168864429718026,450 000 EUR,
www.imot.bg/pcgi/imot.cgi?act=5&adv=1c168450740318988,155 990 EUR,
www.imot.bg/pcgi/imot.cgi?act=5&adv=1c168864362922729,145 900 EUR,
www.imot.bg/pcgi/imot.cgi?act=5&adv=1c168864240479291,178 200 EUR,
www.imot.bg/pcgi/imot.cgi?act=5&adv=1d168864167737061,669 000 EUR,
www.imot.bg/pcgi/imot.cgi?act=5&adv=1c168001068959155,229 000 EUR,
www.imot.bg/pcgi/imot.cgi?act=5&adv=1c168864060728856,181 000 EUR,
www.imot.bg/pcgi/imot.cgi?act=5&adv=1c168612995492095,226 000 EUR,
www.imot.bg/pcgi/imot.cgi?act=5&adv=1d168613059219842,264 000 EUR,
www.imot.bg/pcgi/imot.cgi?act=5&adv=1c166090678214991,177 724 EUR,
www.imot.bg/pcgi/imot.cgi?act=5&adv=1d157356768450299,316 999 EUR,
www.imot.bg/pcgi/imot.cgi?act=5&adv=1c166247338886021,251 000 EUR,
www.imot.bg/pcgi/imot.cgi?act=5&adv=1c168863080481511,230 000 EUR,
www.imot.bg/pcgi/imot.cgi?act=5&adv=1c167827148146348,300 000 EUR,
www.imot.bg/pcgi/imot.cgi?act=5&adv=1c166558514789750,260 500 EUR,
www.imot.bg/pcgi/imot.cgi?act=5&adv=1c166729366557914,237 000 EUR,
www.imot.bg/pcgi/imot.cgi?act=5&adv=1c165703226706218,214 000 EUR,
www.imot.bg/pcgi/imot.cgi?act=5&adv=1c167507110074255,225 100 EUR,
www.imot.bg/pcgi/imot.cgi?act=5&adv=1c165703127131706,219 000 EUR,
www.imot.bg/pcgi/imot.cgi?act=5&adv=1c168076587196462,380 000 EUR,
www.imot.bg/pcgi/imot.cgi?act=5&adv=1c168076770571449,250 000 EUR,
www.imot.bg/pcgi/imot.cgi?act=5&adv=1c168862865246559,249 999 EUR,
www.imot.bg/pcgi/imot.cgi?act=5&adv=1d166624698448190,209 000 EUR,
www.imot.bg/pcgi/imot.cgi?act=5&adv=1c167398338957426,170 000 EUR,
www.imot.bg/pcgi/imot.cgi?act=5&adv=1c167879301698698,209 300 EUR,
www.imot.bg/pcgi/imot.cgi?act=5&adv=1c168862237850025,208 320 EUR,
www.imot.bg/pcgi/imot.cgi?act=5&adv=1c168312106993554,290 000 EUR,
www.imot.bg/pcgi/imot.cgi?act=5&adv=1c168858331266911,319 000 EUR,
www.imot.bg/pcgi/imot.cgi?act=5&adv=1c166324536900348,250 110 EUR,
www.imot.bg/pcgi/imot.cgi?act=5&adv=1c166367284239123,241 860 EUR,
www.imot.bg/pcgi/imot.cgi?act=5&adv=1c166791471310523,259 500 EUR,
www.imot.bg/pcgi/imot.cgi?act=5&adv=1c165754471500622,241 500 EUR,
www.imot.bg/pcgi/imot.cgi?act=5&adv=1c166541064193863,257 500 EUR,
www.imot.bg/pcgi/imot.cgi?act=5&adv=1d168856675016562,395 600 EUR,
www.imot.bg/pcgi/imot.cgi?act=5&adv=1c168856663227922,257 796 EUR,
www.imot.bg/pcgi/imot.cgi?act=5&adv=1c168735056681027,180 000 EUR,
www.imot.bg/pcgi/imot.cgi?act=5&adv=1c168733659539887,235 000 EUR,
www.imot.bg/pcgi/imot.cgi?act=5&adv=1c168717479729455,315 000 EUR,
www.imot.bg/pcgi/imot.cgi?act=5&adv=1c168597838392346,194 200 EUR,
www.imot.bg/pcgi/imot.cgi?act=5&adv=1c168597733328267,157 900 EUR,
www.imot.bg/pcgi/imot.cgi?act=5&adv=1c168856533238154,228 597 EUR,
www.imot.bg/pcgi/imot.cgi?act=5&adv=1d165426298736104,950 000 EUR,
www.imot.bg/pcgi/imot.cgi?act=5&adv=1c164865224333111,227 728 EUR,
www.imot.bg/pcgi/imot.cgi?act=5&adv=1c167930756218861,370 000 EUR,
www.imot.bg/pcgi/imot.cgi?act=5&adv=1c168613314579999,120 000 EUR,
www.imot.bg/pcgi/imot.cgi?act=5&adv=1d167326538168031,336 900 EUR,
www.imot.bg/pcgi/imot.cgi?act=5&adv=1d165167288046736,302 000 EUR,
www.imot.bg/pcgi/imot.cgi?act=5&adv=1c164976639341488,198 400 EUR,
www.imot.bg/pcgi/imot.cgi?act=5&adv=1c164735256546238,302 000 EUR,
www.imot.bg/pcgi/imot.cgi?act=5&adv=1d168026100407836,303 700 EUR,
www.imot.bg/pcgi/imot.cgi?act=5&adv=1c168320740101038,299 000 EUR,
www.imot.bg/pcgi/imot.cgi?act=5&adv=1d164364485056646,195 990 EUR,
www.imot.bg/pcgi/imot.cgi?act=5&adv=1c164364485824526,159 990 EUR,
www.imot.bg/pcgi/imot.cgi?act=5&adv=1c167810761254084,210 000 EUR,
www.imot.bg/pcgi/imot.cgi?act=5&adv=1c168184215989905,245 000 EUR,
www.imot.bg/pcgi/imot.cgi?act=5&adv=1c168184197366317,225 000 EUR,
www.imot.bg/pcgi/imot.cgi?act=5&adv=1c168830971489160,362 000 EUR,
www.imot.bg/pcgi/imot.cgi?act=5&adv=1c167766172828964,190 000 EUR,
www.imot.bg/pcgi/imot.cgi?act=5&adv=1c168025092298758,269 900 EUR,
www.imot.bg/pcgi/imot.cgi?act=5&adv=1c166091741325899,293 932 EUR,
www.imot.bg/pcgi/imot.cgi?act=5&adv=1d166094078381256,534 718 EUR,
www.imot.bg/pcgi/imot.cgi?act=5&adv=1d166092097659828,427 140 EUR,
www.imot.bg/pcgi/imot.cgi?act=5&adv=1d165882792052253,231 000 EUR,
www.imot.bg/pcgi/imot.cgi?act=5&adv=1c165882866804227,194 200 EUR,
www.imot.bg/pcgi/imot.cgi?act=5&adv=1c165882833559336,173 900 EUR,
www.imot.bg/pcgi/imot.cgi?act=5&adv=1c166004904156717,259 999 EUR,
www.imot.bg/pcgi/imot.cgi?act=5&adv=1c167543923427452,189 254 EUR,
www.imot.bg/pcgi/imot.cgi?act=5&adv=1c167568493736814,201 090 EUR,
www.imot.bg/pcgi/imot.cgi?act=5&adv=1d167102358481419,375 000 EUR,
www.imot.bg/pcgi/imot.cgi?act=5&adv=1c168595588031355,227 222 EUR,
www.imot.bg/pcgi/imot.cgi?act=5&adv=1c167092332438032,181 076 EUR,
www.imot.bg/pcgi/imot.cgi?act=5&adv=1c166264265886906,152 894 EUR,
www.imot.bg/pcgi/imot.cgi?act=5&adv=1c165407938312297,253 620 EUR,
www.imot.bg/pcgi/imot.cgi?act=5&adv=1c167049952970402,155 000 EUR,
www.imot.bg/pcgi/imot.cgi?act=5&adv=1c166306259446644,277 000 EUR,
www.imot.bg/pcgi/imot.cgi?act=5&adv=1c167845388887873,189 000 EUR,
www.imot.bg/pcgi/imot.cgi?act=5&adv=1c167845381248220,196 000 EUR,
www.imot.bg/pcgi/imot.cgi?act=5&adv=1c167845387718862,176 000 EUR,
www.imot.bg/pcgi/imot.cgi?act=5&adv=1c167845384474412,177 000 EUR,
www.imot.bg/pcgi/imot.cgi?act=5&adv=1c167845383936089,190 000 EUR,
www.imot.bg/pcgi/imot.cgi?act=5&adv=1c167845382869687,164 000 EUR,
www.imot.bg/pcgi/imot.cgi?act=5&adv=1c167845385170647,181 000 EUR,
www.imot.bg/pcgi/imot.cgi?act=5&adv=1c167845382388195,185 000 EUR,
www.imot.bg/pcgi/imot.cgi?act=5&adv=1c167845386941279,195 000 EUR,
www.imot.bg/pcgi/imot.cgi?act=5&adv=1c167845383535838,199 000 EUR,
www.imot.bg/pcgi/imot.cgi?act=5&adv=1c167845385762620,175 000 EUR,
www.imot.bg/pcgi/imot.cgi?act=5&adv=1c167346870216757,145 900 EUR,
www.imot.bg/pcgi/imot.cgi?act=5&adv=1c167346870644289,164 500 EUR,
www.imot.bg/pcgi/imot.cgi?act=5&adv=1c168841195615268,313 000 EUR,
www.imot.bg/pcgi/imot.cgi?act=5&adv=1c164509133427236,230 000 EUR,
www.imot.bg/pcgi/imot.cgi?act=5&adv=1d159404608449569,191 816 EUR,
www.imot.bg/pcgi/imot.cgi?act=5&adv=1c168841129702962,194 524 EUR,
www.imot.bg/pcgi/imot.cgi?act=5&adv=1d167448342534551,243 045 EUR,
www.imot.bg/pcgi/imot.cgi?act=5&adv=1c166728955803382,276 500 EUR,
www.imot.bg/pcgi/imot.cgi?act=5&adv=1c166558604640144,270 000 EUR,
www.imot.bg/pcgi/imot.cgi?act=5&adv=1c166869944626455,215 000 EUR,
www.imot.bg/pcgi/imot.cgi?act=5&adv=1c168838916063982,199 900 EUR,
www.imot.bg/pcgi/imot.cgi?act=5&adv=1c167775770634915,220 000 EUR,
www.imot.bg/pcgi/imot.cgi?act=5&adv=1c167580644114589,583 000 EUR,
www.imot.bg/pcgi/imot.cgi?act=5&adv=1d160587320360120,317 000 EUR,
www.imot.bg/pcgi/imot.cgi?act=5&adv=1d167992695250120,303 700 EUR,
www.imot.bg/pcgi/imot.cgi?act=5&adv=1c167992592779095,172 000 EUR,
www.imot.bg/pcgi/imot.cgi?act=5&adv=1d160743823847468,298 000 EUR,
www.imot.bg/pcgi/imot.cgi?act=5&adv=1c164128844023094,222 000 EUR,
www.imot.bg/pcgi/imot.cgi?act=5&adv=1c167948625276403,245 000 EUR,
www.imot.bg/pcgi/imot.cgi?act=5&adv=1c167948633162003,225 000 EUR,
www.imot.bg/pcgi/imot.cgi?act=5&adv=1c168069879192038,368 750 EUR,
www.imot.bg/pcgi/imot.cgi?act=5&adv=1c168569640158301,241 920 EUR,
www.imot.bg/pcgi/imot.cgi?act=5&adv=1c165901881006211,195 200 EUR,
www.imot.bg/pcgi/imot.cgi?act=5&adv=1d168053065780690,663 039 EUR,
www.imot.bg/pcgi/imot.cgi?act=5&adv=1c165736761749615,252 500 EUR,
www.imot.bg/pcgi/imot.cgi?act=5&adv=1c167785028035707,285 424 EUR,
www.imot.bg/pcgi/imot.cgi?act=5&adv=1c165870443799017,220 000 EUR,
www.imot.bg/pcgi/imot.cgi?act=5&adv=1c165847939031326,185 000 EUR,
www.imot.bg/pcgi/imot.cgi?act=5&adv=1c163369521259550,205 000 EUR,
www.imot.bg/pcgi/imot.cgi?act=5&adv=1d164552559586103,382 361 EUR,
www.imot.bg/pcgi/imot.cgi?act=5&adv=1c168059012522954,292 890 EUR,
www.imot.bg/pcgi/imot.cgi?act=5&adv=1c168050970786815,277 900 EUR,
www.imot.bg/pcgi/imot.cgi?act=5&adv=1c168059013079801,292 890 EUR,
www.imot.bg/pcgi/imot.cgi?act=5&adv=1c168059012124612,277 900 EUR,
www.imot.bg/pcgi/imot.cgi?act=5&adv=1c167950050499893,288 423 EUR,
www.imot.bg/pcgi/imot.cgi?act=5&adv=1c167950230871059,315 317 EUR,
www.imot.bg/pcgi/imot.cgi?act=5&adv=1c167950111192641,217 000 EUR,
www.imot.bg/pcgi/imot.cgi?act=5&adv=1c167888613849362,268 000 EUR,
www.imot.bg/pcgi/imot.cgi?act=5&adv=1c167662385327661,177 800 EUR,
www.imot.bg/pcgi/imot.cgi?act=5&adv=1c167662358379843,146 990 EUR,
www.imot.bg/pcgi/imot.cgi?act=5&adv=1c167662351794291,142 600 EUR,
www.imot.bg/pcgi/imot.cgi?act=5&adv=1c167662356163543,155 990 EUR,
www.imot.bg/pcgi/imot.cgi?act=5&adv=1c167662354653356,153 850 EUR,
www.imot.bg/pcgi/imot.cgi?act=5&adv=1c167662350890566,139 990 EUR,
www.imot.bg/pcgi/imot.cgi?act=5&adv=1c167662353713675,160 800 EUR,
www.imot.bg/pcgi/imot.cgi?act=5&adv=1c165571548825535,146 600 EUR,
www.imot.bg/pcgi/imot.cgi?act=5&adv=1c165581060550368,164 500 EUR,
www.imot.bg/pcgi/imot.cgi?act=5&adv=1c165581088990892,144 990 EUR,
www.imot.bg/pcgi/imot.cgi?act=5&adv=1c163732308462317,145 900 EUR,
www.imot.bg/pcgi/imot.cgi?act=5&adv=1c167068500455549,240 000 EUR,
www.imot.bg/pcgi/imot.cgi?act=5&adv=1d165660580927272,309 000 EUR,
www.imot.bg/pcgi/imot.cgi?act=5&adv=1c168811875967824,230 000 EUR,
www.imot.bg/pcgi/imot.cgi?act=5&adv=1c168811710103050,217 656 EUR,
www.imot.bg/pcgi/imot.cgi?act=5&adv=1c165823110625539,219 000 EUR,
www.imot.bg/pcgi/imot.cgi?act=5&adv=1c164968783727044,222 666 EUR,
www.imot.bg/pcgi/imot.cgi?act=5&adv=1c167801290495200,178 800 EUR,
www.imot.bg/pcgi/imot.cgi?act=5&adv=1c168554550698106,285 360 EUR,
www.imot.bg/pcgi/imot.cgi?act=5&adv=1c168065605152112,282 000 EUR,
www.imot.bg/pcgi/imot.cgi?act=5&adv=1c168065459532664,280 000 EUR,
www.imot.bg/pcgi/imot.cgi?act=5&adv=1c168065659792336,282 500 EUR,
www.imot.bg/pcgi/imot.cgi?act=5&adv=1c168804415363035,292 352 EUR,
www.imot.bg/pcgi/imot.cgi?act=5&adv=1c166930713684056,235 000 EUR,
www.imot.bg/pcgi/imot.cgi?act=5&adv=1c166981202087449,229 000 EUR,
www.imot.bg/pcgi/imot.cgi?act=5&adv=1c168561022728993,190 000 EUR,
www.imot.bg/pcgi/imot.cgi?act=5&adv=1c167286403648925,360 000 EUR,
www.imot.bg/pcgi/imot.cgi?act=5&adv=1c168476686060323,281 814 EUR,
www.imot.bg/pcgi/imot.cgi?act=5&adv=1c168439547700804,307 976 EUR,
www.imot.bg/pcgi/imot.cgi?act=5&adv=1c168439736112270,362 113 EUR,
www.imot.bg/pcgi/imot.cgi?act=5&adv=1c168553062711039,185 200 EUR,
www.imot.bg/pcgi/imot.cgi?act=5&adv=1d168802114948675,317 000 EUR,
www.imot.bg/pcgi/imot.cgi?act=5&adv=1c168802015842269,292 890 EUR,
www.imot.bg/pcgi/imot.cgi?act=5&adv=1d166808266540512,534 722 EUR,
www.imot.bg/pcgi/imot.cgi?act=5&adv=1c166782636059975,407 206 EUR,
www.imot.bg/pcgi/imot.cgi?act=5&adv=1c168797625789225,180 000 EUR,
www.imot.bg/pcgi/imot.cgi?act=5&adv=1c167759301341624,277 000 EUR,
www.imot.bg/pcgi/imot.cgi?act=5&adv=1c168795908037502,315 000 EUR,
www.imot.bg/pcgi/imot.cgi?act=5&adv=1c168795311090107,313 000 EUR,
www.imot.bg/pcgi/imot.cgi?act=5&adv=1c166746303250524,225 000 EUR,
www.imot.bg/pcgi/imot.cgi?act=5&adv=1c168794460230081,Цена при запитване,
www.imot.bg/pcgi/imot.cgi?act=5&adv=1d166453258582784,669 438 EUR,
www.imot.bg/pcgi/imot.cgi?act=5&adv=1d163517632318569,190 400 EUR,
www.imot.bg/pcgi/imot.cgi?act=5&adv=1c164018652242410,181 700 EUR,
www.imot.bg/pcgi/imot.cgi?act=5&adv=1c166453243087349,283 903 EUR,
www.imot.bg/pcgi/imot.cgi?act=5&adv=1c163517604780752,177 600 EUR,
www.imot.bg/pcgi/imot.cgi?act=5&adv=1c165969743439659,233 700 EUR,
www.imot.bg/pcgi/imot.cgi?act=5&adv=1c167394127397276,264 000 EUR,
www.imot.bg/pcgi/imot.cgi?act=5&adv=1c166695935974729,178 800 EUR,
www.imot.bg/pcgi/imot.cgi?act=5&adv=1d168794151751200,190 000 EUR,
www.imot.bg/pcgi/imot.cgi?act=5&adv=1c168794069060475,155 504 EUR,
www.imot.bg/pcgi/imot.cgi?act=5&adv=1c167291767505228,200 000 EUR,
www.imot.bg/pcgi/imot.cgi?act=5&adv=1d167568517999045,337 000 EUR,
www.imot.bg/pcgi/imot.cgi?act=5&adv=1c167569102066876,241 500 EUR,
www.imot.bg/pcgi/imot.cgi?act=5&adv=1c168050887552338,218 470 EUR,
www.imot.bg/pcgi/imot.cgi?act=5&adv=1c168050735561334,202 075 EUR,
www.imot.bg/pcgi/imot.cgi?act=5&adv=1c168138730739097,163 200 EUR,
www.imot.bg/pcgi/imot.cgi?act=5&adv=1c168361930682202,319 000 EUR,
www.imot.bg/pcgi/imot.cgi?act=5&adv=1d168136776088078,302 000 EUR,
www.imot.bg/pcgi/imot.cgi?act=5&adv=1c168328023235818,157 900 EUR,
www.imot.bg/pcgi/imot.cgi?act=5&adv=1c166610465951770,177 500 EUR,
www.imot.bg/pcgi/imot.cgi?act=5&adv=1c166600759461721,244 168 EUR,
www.imot.bg/pcgi/imot.cgi?act=5&adv=1c167532241656920,217 000 EUR,
www.imot.bg/pcgi/imot.cgi?act=5&adv=1d168527686806978,542 000 EUR,
www.imot.bg/pcgi/imot.cgi?act=5&adv=1d168532179521150,423 000 EUR,
www.imot.bg/pcgi/imot.cgi?act=5&adv=1d168397910322467,879 360 EUR,
www.imot.bg/pcgi/imot.cgi?act=5&adv=1d168398111519546,649 300 EUR,
www.imot.bg/pcgi/imot.cgi?act=5&adv=1d168532450493516,275 500 EUR,
www.imot.bg/pcgi/imot.cgi?act=5&adv=1d168415725404013,303 700 EUR,
www.imot.bg/pcgi/imot.cgi?act=5&adv=1d168409296300933,562 620 EUR,
www.imot.bg/pcgi/imot.cgi?act=5&adv=1d168472587085669,737 000 EUR,
www.imot.bg/pcgi/imot.cgi?act=5&adv=1d168409407966786,705 640 EUR,
www.imot.bg/pcgi/imot.cgi?act=5&adv=1d168398455181168,336 900 EUR,
www.imot.bg/pcgi/imot.cgi?act=5&adv=1d168398682853470,426 000 EUR,
www.imot.bg/pcgi/imot.cgi?act=5&adv=1c168423362788260,212 490 EUR,
www.imot.bg/pcgi/imot.cgi?act=5&adv=1c168381204628259,208 320 EUR,
www.imot.bg/pcgi/imot.cgi?act=5&adv=1c168398523743974,276 500 EUR,
www.imot.bg/pcgi/imot.cgi?act=5&adv=1c168381337570609,244 730 EUR,
www.imot.bg/pcgi/imot.cgi?act=5&adv=1c168422474375652,237 680 EUR,
www.imot.bg/pcgi/imot.cgi?act=5&adv=1c168532707093424,187 900 EUR,
www.imot.bg/pcgi/imot.cgi?act=5&adv=1c168472296116452,237 000 EUR,
www.imot.bg/pcgi/imot.cgi?act=5&adv=1c168398381755110,282 000 EUR,
www.imot.bg/pcgi/imot.cgi?act=5&adv=1c168527458140145,242 000 EUR,
www.imot.bg/pcgi/imot.cgi?act=5&adv=1c168415463345344,187 450 EUR,
www.imot.bg/pcgi/imot.cgi?act=5&adv=1c168472416416957,259 500 EUR,
www.imot.bg/pcgi/imot.cgi?act=5&adv=1c168423113859954,185 780 EUR,
www.imot.bg/pcgi/imot.cgi?act=5&adv=1c168399304586744,257 500 EUR,
www.imot.bg/pcgi/imot.cgi?act=5&adv=1c168417327712759,245 000 EUR,
www.imot.bg/pcgi/imot.cgi?act=5&adv=1c168399200397672,231 000 EUR,
www.imot.bg/pcgi/imot.cgi?act=5&adv=1c168415637798965,204 500 EUR,
www.imot.bg/pcgi/imot.cgi?act=5&adv=1c168381404793353,258 500 EUR,
www.imot.bg/pcgi/imot.cgi?act=5&adv=1c168472451859414,261 000 EUR,
www.imot.bg/pcgi/imot.cgi?act=5&adv=1c168423537703436,256 480 EUR,
www.imot.bg/pcgi/imot.cgi?act=5&adv=1c168423649592989,209 900 EUR,
www.imot.bg/pcgi/imot.cgi?act=5&adv=1c168423596211572,210 080 EUR,
www.imot.bg/pcgi/imot.cgi?act=5&adv=1c168415596205066,177 500 EUR,
www.imot.bg/pcgi/imot.cgi?act=5&adv=1c168423055777937,237 370 EUR,
www.imot.bg/pcgi/imot.cgi?act=5&adv=1c168423443292514,227 670 EUR,
www.imot.bg/pcgi/imot.cgi?act=5&adv=1c168415520568759,172 000 EUR,
www.imot.bg/pcgi/imot.cgi?act=5&adv=1c168423488057594,258 030 EUR,
www.imot.bg/pcgi/imot.cgi?act=5&adv=1c168409525899436,272 590 EUR,
www.imot.bg/pcgi/imot.cgi?act=5&adv=1c168398295537493,353 300 EUR,
www.imot.bg/pcgi/imot.cgi?act=5&adv=1c168399636433339,216 000 EUR,
www.imot.bg/pcgi/imot.cgi?act=5&adv=1c168417846482220,178 600 EUR,
www.imot.bg/pcgi/imot.cgi?act=5&adv=1c168381494208704,265 500 EUR,
www.imot.bg/pcgi/imot.cgi?act=5&adv=1c168399707153824,221 500 EUR,
www.imot.bg/pcgi/imot.cgi?act=5&adv=1c168399407328125,259 500 EUR,
www.imot.bg/pcgi/imot.cgi?act=5&adv=1c168399564358146,209 500 EUR,
www.imot.bg/pcgi/imot.cgi?act=5&adv=1d166315079491023,265 000 EUR,
www.imot.bg/pcgi/imot.cgi?act=5&adv=1c160103217210644,260 000 EUR,
www.imot.bg/pcgi/imot.cgi?act=5&adv=1c168787521439823,208 800 EUR,
www.imot.bg/pcgi/imot.cgi?act=5&adv=1d168249478384963,360 000 EUR,
www.imot.bg/pcgi/imot.cgi?act=5&adv=1d166929366897047,279 000 EUR,
www.imot.bg/pcgi/imot.cgi?act=5&adv=1c166142239422645,172 000 EUR,
www.imot.bg/pcgi/imot.cgi?act=5&adv=1c166929312646281,224 500 EUR,
www.imot.bg/pcgi/imot.cgi?act=5&adv=1c165874779156911,178 000 EUR,
www.imot.bg/pcgi/imot.cgi?act=5&adv=1c168301527376514,245 000 EUR,
www.imot.bg/pcgi/imot.cgi?act=5&adv=1d166219693656343,415 448 EUR,
www.imot.bg/pcgi/imot.cgi?act=5&adv=1c163308167345850,211 289 EUR,
www.imot.bg/pcgi/imot.cgi?act=5&adv=1c166219675373963,288 080 EUR,
www.imot.bg/pcgi/imot.cgi?act=5&adv=1c167463812148904,Цена при запитване,
www.imot.bg/pcgi/imot.cgi?act=5&adv=1c168785642194932,465 000 EUR,
www.imot.bg/pcgi/imot.cgi?act=5&adv=1c168785521407225,319 000 EUR,
www.imot.bg/pcgi/imot.cgi?act=5&adv=1c167299287876134,242 500 EUR,
www.imot.bg/pcgi/imot.cgi?act=5&adv=1c165106698932122,182 927 EUR,
www.imot.bg/pcgi/imot.cgi?act=5&adv=1c166990736452332,149 412 EUR,
www.imot.bg/pcgi/imot.cgi?act=5&adv=1c167293394000364,176 618 EUR,
www.imot.bg/pcgi/imot.cgi?act=5&adv=1c167293370499375,211 289 EUR,
www.imot.bg/pcgi/imot.cgi?act=5&adv=1c168354490364287,319 000 EUR,
www.imot.bg/pcgi/imot.cgi?act=5&adv=1c166392072015507,178 800 EUR,
www.imot.bg/pcgi/imot.cgi?act=5&adv=1c165961569249326,195 000 EUR,
www.imot.bg/pcgi/imot.cgi?act=5&adv=1c163290967526163,209 563 EUR,
www.imot.bg/pcgi/imot.cgi?act=5&adv=1c163281852742051,182 927 EUR,
www.imot.bg/pcgi/imot.cgi?act=5&adv=1c168778843701340,222 215 EUR,
www.imot.bg/pcgi/imot.cgi?act=5&adv=1c168778842722464,230 170 EUR,
www.imot.bg/pcgi/imot.cgi?act=5&adv=1c168778842106059,221 555 EUR,
www.imot.bg/pcgi/imot.cgi?act=5&adv=1c168778841626920,214 746 EUR,
www.imot.bg/pcgi/imot.cgi?act=5&adv=1d167293712947058,289 000 EUR,
www.imot.bg/pcgi/imot.cgi?act=5&adv=1c168778516462543,222 000 EUR,
www.imot.bg/pcgi/imot.cgi?act=5&adv=1c168509670498601,290 000 EUR,
www.imot.bg/pcgi/imot.cgi?act=5&adv=1d166149983396836,303 700 EUR,
www.imot.bg/pcgi/imot.cgi?act=5&adv=1c166149692115831,187 450 EUR,
www.imot.bg/pcgi/imot.cgi?act=5&adv=1c168311242915870,129 050 EUR,
www.imot.bg/pcgi/imot.cgi?act=5&adv=1c168534423164561,220 000 EUR,
www.imot.bg/pcgi/imot.cgi?act=5&adv=1c165728256923128,142 600 EUR,
www.imot.bg/pcgi/imot.cgi?act=5&adv=1c165824051656613,222 900 EUR,
www.imot.bg/pcgi/imot.cgi?act=5&adv=1c165833381188706,230 500 EUR,
www.imot.bg/pcgi/imot.cgi?act=5&adv=1c165833348557955,243 100 EUR,
www.imot.bg/pcgi/imot.cgi?act=5&adv=1c165833335113806,236 800 EUR,
www.imot.bg/pcgi/imot.cgi?act=5&adv=1c165833324829461,230 500 EUR,
www.imot.bg/pcgi/imot.cgi?act=5&adv=1d167931787849693,209 000 EUR,
www.imot.bg/pcgi/imot.cgi?act=5&adv=1c168777498561781,160 000 EUR,
www.imot.bg/pcgi/imot.cgi?act=5&adv=1d168777307041280,350 000 EUR,
www.imot.bg/pcgi/imot.cgi?act=5&adv=1c168777227450085,158 000 EUR,
www.imot.bg/pcgi/imot.cgi?act=5&adv=1c165632624184465,259 000 EUR,
www.imot.bg/pcgi/imot.cgi?act=5&adv=1d167482061882167,191 816 EUR,
www.imot.bg/pcgi/imot.cgi?act=5&adv=1c166998298800477,230 000 EUR,
www.imot.bg/pcgi/imot.cgi?act=5&adv=1c168776648708938,307 000 EUR,
www.imot.bg/pcgi/imot.cgi?act=5&adv=1d167767745981276,447 965 EUR,
www.imot.bg/pcgi/imot.cgi?act=5&adv=1c167767691340302,336 117 EUR,
www.imot.bg/pcgi/imot.cgi?act=5&adv=1d167524560139844,463 200 EUR,
www.imot.bg/pcgi/imot.cgi?act=5&adv=1c167567416705442,195 700 EUR,
www.imot.bg/pcgi/imot.cgi?act=5&adv=1c166186266601176,300 000 EUR,
www.imot.bg/pcgi/imot.cgi?act=5&adv=1c166186279845758,270 000 EUR,
www.imot.bg/pcgi/imot.cgi?act=5&adv=1c164303303146495,260 000 EUR,
www.imot.bg/pcgi/imot.cgi?act=5&adv=1c166764660367354,195 000 EUR,
www.imot.bg/pcgi/imot.cgi?act=5&adv=1c167758351063281,522 000 EUR,
www.imot.bg/pcgi/imot.cgi?act=5&adv=1c168762002831605,195 000 EUR,
www.imot.bg/pcgi/imot.cgi?act=5&adv=1c165530421860257,277 900 EUR,
www.imot.bg/pcgi/imot.cgi?act=5&adv=1c165530420672010,277 900 EUR,
www.imot.bg/pcgi/imot.cgi?act=5&adv=1c167759730266989,243 600 EUR,
www.imot.bg/pcgi/imot.cgi?act=5&adv=1c164146561826895,285 600 EUR,
www.imot.bg/pcgi/imot.cgi?act=5&adv=1c163601425027415,273 360 EUR,
www.imot.bg/pcgi/imot.cgi?act=5&adv=1d162142751186128,191 816 EUR,
www.imot.bg/pcgi/imot.cgi?act=5&adv=1d164553657026280,191 816 EUR,
www.imot.bg/pcgi/imot.cgi?act=5&adv=1d167326386606945,289 000 EUR,
www.imot.bg/pcgi/imot.cgi?act=5&adv=1d167326394772081,289 000 EUR,
www.imot.bg/pcgi/imot.cgi?act=5&adv=1d168120324381462,289 000 EUR,
www.imot.bg/pcgi/imot.cgi?act=5&adv=1c168182322433397,236 732 EUR,
www.imot.bg/pcgi/imot.cgi?act=5&adv=1c168189539042889,194 524 EUR,
www.imot.bg/pcgi/imot.cgi?act=5&adv=1c164857043418800,235 000 EUR,
www.imot.bg/pcgi/imot.cgi?act=5&adv=1c168751931287214,229 000 EUR,
www.imot.bg/pcgi/imot.cgi?act=5&adv=1c168509115162149,246 000 EUR,
www.imot.bg/pcgi/imot.cgi?act=5&adv=1c164000683912659,181 494 EUR,
www.imot.bg/pcgi/imot.cgi?act=5&adv=1c164666896917052,296 490 EUR,
www.imot.bg/pcgi/imot.cgi?act=5&adv=1c164683314375316,171 990 EUR,
www.imot.bg/pcgi/imot.cgi?act=5&adv=1c167904643127433,178 800 EUR,
www.imot.bg/pcgi/imot.cgi?act=5&adv=1c167768767277553,521 739 EUR,
www.imot.bg/pcgi/imot.cgi?act=5&adv=1c168750273029618,180 000 EUR,
www.imot.bg/pcgi/imot.cgi?act=5&adv=1c168500459619878,154 635 EUR,
www.imot.bg/pcgi/imot.cgi?act=5&adv=1c168500698953591,197 071 EUR,
www.imot.bg/pcgi/imot.cgi?act=5&adv=1c166498339127015,277 000 EUR,
www.imot.bg/pcgi/imot.cgi?act=5&adv=1c165762504343797,277 900 EUR,
www.imot.bg/pcgi/imot.cgi?act=5&adv=1d165631948644391,313 440 EUR,
www.imot.bg/pcgi/imot.cgi?act=5&adv=1c166134792237518,173 900 EUR,
www.imot.bg/pcgi/imot.cgi?act=5&adv=1c166142821239837,195 200 EUR,
www.imot.bg/pcgi/imot.cgi?act=5&adv=1c165097640430644,299 760 EUR,
www.imot.bg/pcgi/imot.cgi?act=5&adv=1d168259605062530,216 990 EUR,
www.imot.bg/pcgi/imot.cgi?act=5&adv=1c168259590389425,176 683 EUR,
www.imot.bg/pcgi/imot.cgi?act=5&adv=1c168744664116787,229 500 EUR,
www.imot.bg/pcgi/imot.cgi?act=5&adv=1d168500680248802,705 000 EUR,
www.imot.bg/pcgi/imot.cgi?act=5&adv=1d167595287329661,Цена при запитване,
www.imot.bg/pcgi/imot.cgi?act=5&adv=1c168007993749421,225 000 EUR,
www.imot.bg/pcgi/imot.cgi?act=5&adv=1d167718290729615,198 994 EUR,
www.imot.bg/pcgi/imot.cgi?act=5&adv=1c167042967534533,245 700 EUR,
www.imot.bg/pcgi/imot.cgi?act=5&adv=1c167043103922818,218 000 EUR,
www.imot.bg/pcgi/imot.cgi?act=5&adv=1c168742618562377,395 000 EUR,
www.imot.bg/pcgi/imot.cgi?act=5&adv=1c166694760152989,223 200 EUR,
www.imot.bg/pcgi/imot.cgi?act=5&adv=1c168007938908591,214 000 EUR,
www.imot.bg/pcgi/imot.cgi?act=5&adv=1d168742080414619,390 000 EUR,
www.imot.bg/pcgi/imot.cgi?act=5&adv=1c168741470255974,315 000 EUR,
www.imot.bg/pcgi/imot.cgi?act=5&adv=1c167292970479179,217 000 EUR,
www.imot.bg/pcgi/imot.cgi?act=5&adv=1c168735452996503,194 200 EUR,
www.imot.bg/pcgi/imot.cgi?act=5&adv=1c168735451599948,178 800 EUR,
www.imot.bg/pcgi/imot.cgi?act=5&adv=1c168735451034018,250 200 EUR,
www.imot.bg/pcgi/imot.cgi?act=5&adv=1c168735376611768,185 780 EUR,
www.imot.bg/pcgi/imot.cgi?act=5&adv=1d167577723393243,340 000 EUR,
www.imot.bg/pcgi/imot.cgi?act=5&adv=1c168734760999323,248 500 EUR,
www.imot.bg/pcgi/imot.cgi?act=5&adv=1c168734732630296,211 000 EUR,
www.imot.bg/pcgi/imot.cgi?act=5&adv=1c168734731503475,211 000 EUR,
www.imot.bg/pcgi/imot.cgi?act=5&adv=1c168734598447491,318 990 EUR,
www.imot.bg/pcgi/imot.cgi?act=5&adv=1c167025601997363,235 400 EUR,
www.imot.bg/pcgi/imot.cgi?act=5&adv=1c165243497977231,226 700 EUR,
www.imot.bg/pcgi/imot.cgi?act=5&adv=1c166512781534396,145 000 EUR,
www.imot.bg/pcgi/imot.cgi?act=5&adv=1c168232347288490,232 000 EUR,
www.imot.bg/pcgi/imot.cgi?act=5&adv=1c165571078523052,171 000 EUR,
www.imot.bg/pcgi/imot.cgi?act=5&adv=1c165571063740104,171 000 EUR,
www.imot.bg/pcgi/imot.cgi?act=5&adv=1c165046472778656,199 026 EUR,
www.imot.bg/pcgi/imot.cgi?act=5&adv=1c168725935814172,244 170 EUR,
www.imot.bg/pcgi/imot.cgi?act=5&adv=1c168725914985001,205 080 EUR,
www.imot.bg/pcgi/imot.cgi?act=5&adv=1c168725899969080,380 000 EUR,
www.imot.bg/pcgi/imot.cgi?act=5&adv=1c168725899085177,272 000 EUR,
www.imot.bg/pcgi/imot.cgi?act=5&adv=1c164975374008264,233 488 EUR,
www.imot.bg/pcgi/imot.cgi?act=5&adv=1c164968988570820,200 893 EUR,
www.imot.bg/pcgi/imot.cgi?act=5&adv=1c164968472481297,199 924 EUR,
www.imot.bg/pcgi/imot.cgi?act=5&adv=1c168250892176344,319 000 EUR,
www.imot.bg/pcgi/imot.cgi?act=5&adv=1c164975559707267,223 795 EUR,
www.imot.bg/pcgi/imot.cgi?act=5&adv=1c168724975098351,180 000 EUR,
www.imot.bg/pcgi/imot.cgi?act=5&adv=1c163170816953555,250 110 EUR,
www.imot.bg/pcgi/imot.cgi?act=5&adv=1c168724866782376,315 000 EUR,
www.imot.bg/pcgi/imot.cgi?act=5&adv=1c166486992755662,262 100 EUR,
www.imot.bg/pcgi/imot.cgi?act=5&adv=1d167748943680718,186 741 EUR,
www.imot.bg/pcgi/imot.cgi?act=5&adv=1c168474379842788,199 200 EUR,
www.imot.bg/pcgi/imot.cgi?act=5&adv=1c165969499623170,166 900 EUR,
www.imot.bg/pcgi/imot.cgi?act=5&adv=1d167294959185073,199 233 EUR,
www.imot.bg/pcgi/imot.cgi?act=5&adv=1c163368468166696,210 941 EUR,
www.imot.bg/pcgi/imot.cgi?act=5&adv=1c165788564441775,255 000 EUR,
www.imot.bg/pcgi/imot.cgi?act=5&adv=1c165944510858318,300 000 EUR,
www.imot.bg/pcgi/imot.cgi?act=5&adv=1c155074148402093,260 000 EUR,
www.imot.bg/pcgi/imot.cgi?act=5&adv=1c168718213804844,315 000 EUR,
www.imot.bg/pcgi/imot.cgi?act=5&adv=1d168017888801812,231 700 EUR,
www.imot.bg/pcgi/imot.cgi?act=5&adv=1d168061213804355,210 000 EUR,
www.imot.bg/pcgi/imot.cgi?act=5&adv=1d166495541601175,588 000 EUR,
www.imot.bg/pcgi/imot.cgi?act=5&adv=1c166495543821037,285 300 EUR,
www.imot.bg/pcgi/imot.cgi?act=5&adv=1c168061211833476,155 000 EUR,
www.imot.bg/pcgi/imot.cgi?act=5&adv=1c163882817066783,237 630 EUR,
www.imot.bg/pcgi/imot.cgi?act=5&adv=1c157356699987380,277 899 EUR,
www.imot.bg/pcgi/imot.cgi?act=5&adv=1c165122213419614,239 000 EUR,
www.imot.bg/pcgi/imot.cgi?act=5&adv=1c168716703959442,315 000 EUR,
www.imot.bg/pcgi/imot.cgi?act=5&adv=1c164976802955080,290 000 EUR,
www.imot.bg/pcgi/imot.cgi?act=5&adv=1c165721623953915,257 500 EUR,
www.imot.bg/pcgi/imot.cgi?act=5&adv=1d165721621539826,423 000 EUR,
www.imot.bg/pcgi/imot.cgi?act=5&adv=1c165721616713137,214 000 EUR,
www.imot.bg/pcgi/imot.cgi?act=5&adv=1c165721612025341,216 000 EUR,
www.imot.bg/pcgi/imot.cgi?act=5&adv=1d165721607396257,252 500 EUR,
www.imot.bg/pcgi/imot.cgi?act=5&adv=1d168716240690179,473 000 EUR,
www.imot.bg/pcgi/imot.cgi?act=5&adv=1c168715974249852,315 000 EUR,
www.imot.bg/pcgi/imot.cgi?act=5&adv=1c168276953670601,228 000 EUR,
www.imot.bg/pcgi/imot.cgi?act=5&adv=1c161355295291473,407 207 EUR,
www.imot.bg/pcgi/imot.cgi?act=5&adv=1c168715683098172,155 000 EUR,
www.imot.bg/pcgi/imot.cgi?act=5&adv=1c167724670915364,225 000 EUR,
www.imot.bg/pcgi/imot.cgi?act=5&adv=1c167724566391347,245 000 EUR,
www.imot.bg/pcgi/imot.cgi?act=5&adv=1c166456072500358,365 000 EUR,
www.imot.bg/pcgi/imot.cgi?act=5&adv=1c166203217298137,260 400 EUR,
www.imot.bg/pcgi/imot.cgi?act=5&adv=1c168208140390278,176 396 EUR,
www.imot.bg/pcgi/imot.cgi?act=5&adv=1d167448992828909,Цена при запитване,
www.imot.bg/pcgi/imot.cgi?act=5&adv=1c163308198925310,231 174 EUR,
www.imot.bg/pcgi/imot.cgi?act=5&adv=1c163308182575034,221 922 EUR,
www.imot.bg/pcgi/imot.cgi?act=5&adv=1c165873392331986,178 800 EUR,
www.imot.bg/pcgi/imot.cgi?act=5&adv=1c168450690737608,Цена при запитване,
www.imot.bg/pcgi/imot.cgi?act=5&adv=1d164862574360392,564 000 EUR,
www.imot.bg/pcgi/imot.cgi?act=5&adv=1c164156109117385,186 800 EUR,
www.imot.bg/pcgi/imot.cgi?act=5&adv=1d164156140019116,195 990 EUR,
www.imot.bg/pcgi/imot.cgi?act=5&adv=1c164156109968615,146 990 EUR,
www.imot.bg/pcgi/imot.cgi?act=5&adv=1c168692131448506,274 800 EUR,
www.imot.bg/pcgi/imot.cgi?act=5&adv=1d168122227095019,334 000 EUR,
www.imot.bg/pcgi/imot.cgi?act=5&adv=1c168691828592863,224 600 EUR,
www.imot.bg/pcgi/imot.cgi?act=5&adv=1c163187166712505,275 110 EUR,
www.imot.bg/pcgi/imot.cgi?act=5&adv=1d163162723350284,279 000 EUR,
www.imot.bg/pcgi/imot.cgi?act=5&adv=1c164907757107234,Цена при запитване,
www.imot.bg/pcgi/imot.cgi?act=5&adv=1c165287966963618,278 379 EUR,
www.imot.bg/pcgi/imot.cgi?act=5&adv=1c168689658522418,224 990 EUR,
www.imot.bg/pcgi/imot.cgi?act=5&adv=1c167180827448575,217 000 EUR,
www.imot.bg/pcgi/imot.cgi?act=5&adv=1d167180857427904,288 423 EUR,
www.imot.bg/pcgi/imot.cgi?act=5&adv=1c167180856973149,315 317 EUR,
www.imot.bg/pcgi/imot.cgi?act=5&adv=1c166809315937123,183 600 EUR,
www.imot.bg/pcgi/imot.cgi?act=5&adv=1c168684123144518,335 000 EUR,
www.imot.bg/pcgi/imot.cgi?act=5&adv=1d166869882502483,244 956 EUR,
www.imot.bg/pcgi/imot.cgi?act=5&adv=1d168683371097152,261 050 EUR,
www.imot.bg/pcgi/imot.cgi?act=5&adv=1d164319326354811,208 000 EUR,
www.imot.bg/pcgi/imot.cgi?act=5&adv=1c168683168751927,230 000 EUR,
www.imot.bg/pcgi/imot.cgi?act=5&adv=1c164701308517298,210 628 EUR,
www.imot.bg/pcgi/imot.cgi?act=5&adv=1c164701350372415,176 618 EUR,
www.imot.bg/pcgi/imot.cgi?act=5&adv=1c167705615481990,223 900 EUR,
www.imot.bg/pcgi/imot.cgi?act=5&adv=1c167387812787585,250 110 EUR,
www.imot.bg/pcgi/imot.cgi?act=5&adv=1d168310880148423,201 990 EUR,
www.imot.bg/pcgi/imot.cgi?act=5&adv=1c168310820336591,141 400 EUR,
www.imot.bg/pcgi/imot.cgi?act=5&adv=1c168311230891244,121 800 EUR,
www.imot.bg/pcgi/imot.cgi?act=5&adv=1d168303517630208,879 360 EUR,
www.imot.bg/pcgi/imot.cgi?act=5&adv=1d168303759340292,352 500 EUR,
www.imot.bg/pcgi/imot.cgi?act=5&adv=1c168296693765227,266 417 EUR,
www.imot.bg/pcgi/imot.cgi?act=5&adv=1c168681200740417,345 000 EUR,
www.imot.bg/pcgi/imot.cgi?act=5&adv=1c168553633482472,235 500 EUR,
www.imot.bg/pcgi/imot.cgi?act=5&adv=1d168180840172725,450 000 EUR,
www.imot.bg/pcgi/imot.cgi?act=5&adv=1c165996060659225,178 800 EUR,
www.imot.bg/pcgi/imot.cgi?act=5&adv=1d167545492857581,183 400 EUR,
www.imot.bg/pcgi/imot.cgi?act=5&adv=1c167716549450242,195 200 EUR,
www.imot.bg/pcgi/imot.cgi?act=5&adv=1c167716773798371,178 800 EUR,
www.imot.bg/pcgi/imot.cgi?act=5&adv=1c168666027777269,164 500 EUR,
www.imot.bg/pcgi/imot.cgi?act=5&adv=1c167405116277426,159 360 EUR,
www.imot.bg/pcgi/imot.cgi?act=5&adv=1c168303960915464,146 990 EUR,
www.imot.bg/pcgi/imot.cgi?act=5&adv=1c168112167268504,195 200 EUR,
www.imot.bg/pcgi/imot.cgi?act=5&adv=1c166739817007987,245 000 EUR,
www.imot.bg/pcgi/imot.cgi?act=5&adv=1c168659680944349,157 900 EUR,
www.imot.bg/pcgi/imot.cgi?act=5&adv=1d166912602562576,302 500 EUR,
www.imot.bg/pcgi/imot.cgi?act=5&adv=1c168658138957634,145 000 EUR,
www.imot.bg/pcgi/imot.cgi?act=5&adv=1c168657614854037,278 000 EUR,
www.imot.bg/pcgi/imot.cgi?act=5&adv=1d165762405399395,269 990 EUR,
www.imot.bg/pcgi/imot.cgi?act=5&adv=1c167766403532088,298 800 EUR,
www.imot.bg/pcgi/imot.cgi?act=5&adv=1c168215870780280,298 900 EUR,
www.imot.bg/pcgi/imot.cgi?act=5&adv=1d166558662736606,302 000 EUR,
www.imot.bg/pcgi/imot.cgi?act=5&adv=1c168553603630507,216 000 EUR,
www.imot.bg/pcgi/imot.cgi?act=5&adv=1c168650264541300,210 620 EUR,
www.imot.bg/pcgi/imot.cgi?act=5&adv=1c168650081727051,304 109 EUR,
www.imot.bg/pcgi/imot.cgi?act=5&adv=1c168650015287132,205 740 EUR,
www.imot.bg/pcgi/imot.cgi?act=5&adv=1c168649840650219,266 550 EUR,
www.imot.bg/pcgi/imot.cgi?act=5&adv=1c168649794017862,215 203 EUR,
www.imot.bg/pcgi/imot.cgi?act=5&adv=1c168649761488909,202 070 EUR,
www.imot.bg/pcgi/imot.cgi?act=5&adv=1c168649734520673,177 720 EUR,
www.imot.bg/pcgi/imot.cgi?act=5&adv=1c168649698393558,176 618 EUR,
www.imot.bg/pcgi/imot.cgi?act=5&adv=1c168649593462415,222 215 EUR,
www.imot.bg/pcgi/imot.cgi?act=5&adv=1c168649394335308,205 250 EUR,
www.imot.bg/pcgi/imot.cgi?act=5&adv=1c168649373712870,187 450 EUR,
www.imot.bg/pcgi/imot.cgi?act=5&adv=1c168649239321347,174 200 EUR,
www.imot.bg/pcgi/imot.cgi?act=5&adv=1c168649112598084,256 200 EUR,
www.imot.bg/pcgi/imot.cgi?act=5&adv=1c168648967015262,186 400 EUR,
www.imot.bg/pcgi/imot.cgi?act=5&adv=1c168648837743336,157 900 EUR,
www.imot.bg/pcgi/imot.cgi?act=5&adv=1d168632284985767,317 000 EUR,
www.imot.bg/pcgi/imot.cgi?act=5&adv=1d168632283458765,332 850 EUR,
www.imot.bg/pcgi/imot.cgi?act=5&adv=1c168632282052327,277 900 EUR,
www.imot.bg/pcgi/imot.cgi?act=5&adv=1c168631508211558,194 200 EUR,
www.imot.bg/pcgi/imot.cgi?act=5&adv=1c167508108501757,194 524 EUR,
www.imot.bg/pcgi/imot.cgi?act=5&adv=1c167571058927798,235 000 EUR,
www.imot.bg/pcgi/imot.cgi?act=5&adv=1c167577662655411,249 800 EUR,
www.imot.bg/pcgi/imot.cgi?act=5&adv=1d166791531025735,338 000 EUR,
www.imot.bg/pcgi/imot.cgi?act=5&adv=1d166869831996253,252 500 EUR,
www.imot.bg/pcgi/imot.cgi?act=5&adv=1c166359714227786,220 800 EUR,
www.imot.bg/pcgi/imot.cgi?act=5&adv=1d168328750236988,288 423 EUR,
www.imot.bg/pcgi/imot.cgi?act=5&adv=1c168328714288506,217 000 EUR,
www.imot.bg/pcgi/imot.cgi?act=5&adv=1c164621970719717,133 990 EUR,
www.imot.bg/pcgi/imot.cgi?act=5&adv=1c164612998132402,142 600 EUR,
www.imot.bg/pcgi/imot.cgi?act=5&adv=1c163785456335149,144 990 EUR,
www.imot.bg/pcgi/imot.cgi?act=5&adv=1c164629449735916,157 700 EUR,
www.imot.bg/pcgi/imot.cgi?act=5&adv=1d164612603640795,186 990 EUR,
www.imot.bg/pcgi/imot.cgi?act=5&adv=1d164630330666448,293 245 EUR,
www.imot.bg/pcgi/imot.cgi?act=5&adv=1d165891415446227,460 000 EUR,
www.imot.bg/pcgi/imot.cgi?act=5&adv=1c165892342882551,200 000 EUR,
www.imot.bg/pcgi/imot.cgi?act=5&adv=1c167509417488996,281 000 EUR,
www.imot.bg/pcgi/imot.cgi?act=5&adv=1c166973659217097,200 893 EUR,
www.imot.bg/pcgi/imot.cgi?act=5&adv=1d167412624283903,465 000 EUR,
www.imot.bg/pcgi/imot.cgi?act=5&adv=1c168612754027891,250 000 EUR,
www.imot.bg/pcgi/imot.cgi?act=5&adv=1c168111712261115,185 658 EUR,
www.imot.bg/pcgi/imot.cgi?act=5&adv=1c168327916036709,139 990 EUR,
www.imot.bg/pcgi/imot.cgi?act=5&adv=1c168597726067236,239 000 EUR,
www.imot.bg/pcgi/imot.cgi?act=5&adv=1c167586943694656,583 000 EUR,
www.imot.bg/pcgi/imot.cgi?act=5&adv=1d149969167006091,204 900 EUR,
www.imot.bg/pcgi/imot.cgi?act=5&adv=1d147929644719498,269 900 EUR,
www.imot.bg/pcgi/imot.cgi?act=5&adv=1d150453000615987,186 800 EUR,
www.imot.bg/pcgi/imot.cgi?act=5&adv=1d163585542445031,195 900 EUR,
www.imot.bg/pcgi/imot.cgi?act=5&adv=1d162729433393561,209 800 EUR,
www.imot.bg/pcgi/imot.cgi?act=5&adv=1c146971074087542,144 900 EUR,
www.imot.bg/pcgi/imot.cgi?act=5&adv=1c165520672186954,139 800 EUR,
www.imot.bg/pcgi/imot.cgi?act=5&adv=1c149969193994670,154 800 EUR,
www.imot.bg/pcgi/imot.cgi?act=5&adv=1c148093987274968,214 800 EUR,
www.imot.bg/pcgi/imot.cgi?act=5&adv=1c163723990279893,146 800 EUR,
www.imot.bg/pcgi/imot.cgi?act=5&adv=1c146279133116702,148 900 EUR,
www.imot.bg/pcgi/imot.cgi?act=5&adv=1c149969403200246,151 900 EUR,
www.imot.bg/pcgi/imot.cgi?act=5&adv=1c167697727851815,153 700 EUR,
www.imot.bg/pcgi/imot.cgi?act=5&adv=1c146910227088026,259 800 EUR,
www.imot.bg/pcgi/imot.cgi?act=5&adv=1c166721689123888,270 000 EUR,
www.imot.bg/pcgi/imot.cgi?act=5&adv=1d168590070566000,704 950 EUR,
www.imot.bg/pcgi/imot.cgi?act=5&adv=1d168590032251259,686 870 EUR,
www.imot.bg/pcgi/imot.cgi?act=5&adv=1d168589988753741,579 900 EUR,
www.imot.bg/pcgi/imot.cgi?act=5&adv=1c168589927090516,290 500 EUR,
www.imot.bg/pcgi/imot.cgi?act=5&adv=1c168589911444195,283 900 EUR,
www.imot.bg/pcgi/imot.cgi?act=5&adv=1d168589521855908,829 800 EUR,
www.imot.bg/pcgi/imot.cgi?act=5&adv=1d168589459230775,1 088 400 EUR,
www.imot.bg/pcgi/imot.cgi?act=5&adv=1c168588990678278,353 300 EUR,
www.imot.bg/pcgi/imot.cgi?act=5&adv=1d168588943563784,398 400 EUR,
www.imot.bg/pcgi/imot.cgi?act=5&adv=1c168588878602538,317 200 EUR,
www.imot.bg/pcgi/imot.cgi?act=5&adv=1c168588831112128,282 000 EUR,
www.imot.bg/pcgi/imot.cgi?act=5&adv=1c168588506250473,256 500 EUR,
www.imot.bg/pcgi/imot.cgi?act=5&adv=1c168588477291033,228 100 EUR,
www.imot.bg/pcgi/imot.cgi?act=5&adv=1c168588424107713,247 600 EUR,
www.imot.bg/pcgi/imot.cgi?act=5&adv=1c168588364613794,209 400 EUR,
www.imot.bg/pcgi/imot.cgi?act=5&adv=1c168583266688804,242 000 EUR,
www.imot.bg/pcgi/imot.cgi?act=5&adv=1c168583225481970,216 000 EUR,
www.imot.bg/pcgi/imot.cgi?act=5&adv=1c168583182533509,211 500 EUR,
www.imot.bg/pcgi/imot.cgi?act=5&adv=1c168321896330991,231 000 EUR,
www.imot.bg/pcgi/imot.cgi?act=5&adv=1c168570646706578,157 900 EUR,
www.imot.bg/pcgi/imot.cgi?act=5&adv=1c167991485795662,238 853 EUR,
www.imot.bg/pcgi/imot.cgi?act=5&adv=1c168543757961181,305 000 EUR,
www.imot.bg/pcgi/imot.cgi?act=5&adv=1c168543235131661,275 000 EUR,
www.imot.bg/pcgi/imot.cgi?act=5&adv=1c168543018812416,265 000 EUR,
www.imot.bg/pcgi/imot.cgi?act=5&adv=1c166418847848728,189 000 EUR,
www.imot.bg/pcgi/imot.cgi?act=5&adv=1c165833392532956,344 300 EUR,
www.imot.bg/pcgi/imot.cgi?act=5&adv=1c165824042818391,264 700 EUR,
www.imot.bg/pcgi/imot.cgi?act=5&adv=1c167826790680950,195 200 EUR,
www.imot.bg/pcgi/imot.cgi?act=5&adv=1c167837050514599,145 000 EUR,
www.imot.bg/pcgi/imot.cgi?act=5&adv=1c163119375898232,222 215 EUR,
www.imot.bg/pcgi/imot.cgi?act=5&adv=1c168495546107429,256 000 EUR,
www.imot.bg/pcgi/imot.cgi?act=5&adv=1c168495417180509,257 800 EUR,
www.imot.bg/pcgi/imot.cgi?act=5&adv=1c168495345039521,201 800 EUR,
www.imot.bg/pcgi/imot.cgi?act=5&adv=1c168495243778763,186 400 EUR,
www.imot.bg/pcgi/imot.cgi?act=5&adv=1c168494943634442,166 900 EUR,
www.imot.bg/pcgi/imot.cgi?act=5&adv=1c167871542353949,245 000 EUR,
www.imot.bg/pcgi/imot.cgi?act=5&adv=1c167871479241782,220 000 EUR,
www.imot.bg/pcgi/imot.cgi?act=5&adv=1c168206884400123,230 000 EUR,
www.imot.bg/pcgi/imot.cgi?act=5&adv=1c168482503376037,164 990 EUR,
www.imot.bg/pcgi/imot.cgi?act=5&adv=1d168480784861248,590 000 EUR,
www.imot.bg/pcgi/imot.cgi?act=5&adv=1c168476693970802,313 324 EUR,
www.imot.bg/pcgi/imot.cgi?act=5&adv=1c168476682596662,212 598 EUR,
www.imot.bg/pcgi/imot.cgi?act=5&adv=1c168475856011015,195 693 EUR,
www.imot.bg/pcgi/imot.cgi?act=5&adv=1c168475826127747,236 732 EUR,
www.imot.bg/pcgi/imot.cgi?act=5&adv=1c168474739852371,194 524 EUR,
www.imot.bg/pcgi/imot.cgi?act=5&adv=1c168474578650164,334 006 EUR,
www.imot.bg/pcgi/imot.cgi?act=5&adv=1c168448424079581,176 700 EUR,
www.imot.bg/pcgi/imot.cgi?act=5&adv=1c168448386308619,165 300 EUR,
www.imot.bg/pcgi/imot.cgi?act=5&adv=1c164622454140541,182 827 EUR,
www.imot.bg/pcgi/imot.cgi?act=5&adv=1c166452109663568,174 200 EUR,
www.imot.bg/pcgi/imot.cgi?act=5&adv=1d168413702448294,522 215 EUR,
www.imot.bg/pcgi/imot.cgi?act=5&adv=1c168373081849931,308 000 EUR,
www.imot.bg/pcgi/imot.cgi?act=5&adv=1d165271101649013,265 000 EUR,
www.imot.bg/pcgi/imot.cgi?act=5&adv=1c164742150213291,221 700 EUR,
www.imot.bg/pcgi/imot.cgi?act=5&adv=1c164742086519473,217 820 EUR,
www.imot.bg/pcgi/imot.cgi?act=5&adv=1d168349025420262,186 740 EUR,
www.imot.bg/pcgi/imot.cgi?act=5&adv=1c168182412882988,212 000 EUR,
www.imot.bg/pcgi/imot.cgi?act=5&adv=1c168306342636373,205 080 EUR,
www.imot.bg/pcgi/imot.cgi?act=5&adv=1c165787869424021,139 990 EUR,
www.imot.bg/pcgi/imot.cgi?act=5&adv=1d164536710511810,208 000 EUR,
www.imot.bg/pcgi/imot.cgi?act=5&adv=1c167110359271163,225 600 EUR,
www.imot.bg/pcgi/imot.cgi?act=5&adv=1d168269443199797,500 000 EUR,
www.imot.bg/pcgi/imot.cgi?act=5&adv=1c166272101034282,145 000 EUR,
www.imot.bg/pcgi/imot.cgi?act=5&adv=1c164528666691307,278 940 EUR,
www.imot.bg/pcgi/imot.cgi?act=5&adv=1c163829079210515,277 900 EUR,
www.imot.bg/pcgi/imot.cgi?act=5&adv=1c168232081670689,230 000 EUR,
www.imot.bg/pcgi/imot.cgi?act=5&adv=1c168207668597230,241 600 EUR,
www.imot.bg/pcgi/imot.cgi?act=5&adv=1c168197445661956,120 000 EUR,
www.imot.bg/pcgi/imot.cgi?act=5&adv=1c168191103533145,250 000 EUR,
www.imot.bg/pcgi/imot.cgi?act=5&adv=1d164182112093408,195 990 EUR,
www.imot.bg/pcgi/imot.cgi?act=5&adv=1d167335652263239,253 800 EUR,
www.imot.bg/pcgi/imot.cgi?act=5&adv=1d164461837710821,217 500 EUR,
www.imot.bg/pcgi/imot.cgi?act=5&adv=1c167335632733487,198 000 EUR,
www.imot.bg/pcgi/imot.cgi?act=5&adv=1c164461781234461,156 000 EUR,
www.imot.bg/pcgi/imot.cgi?act=5&adv=1d167282096622342,950 000 EUR,
www.imot.bg/pcgi/imot.cgi?act=5&adv=1c167457194898996,340 800 EUR,
www.imot.bg/pcgi/imot.cgi?act=5&adv=1c168136470685747,250 000 EUR,
www.imot.bg/pcgi/imot.cgi?act=5&adv=1c168136468264569,230 000 EUR,
www.imot.bg/pcgi/imot.cgi?act=5&adv=1d164508547535902,457 477 EUR,
www.imot.bg/pcgi/imot.cgi?act=5&adv=1c165026978951650,357 381 EUR,
www.imot.bg/pcgi/imot.cgi?act=5&adv=1c165813187439647,347 208 EUR,
www.imot.bg/pcgi/imot.cgi?act=5&adv=1c165813180290481,295 555 EUR,
www.imot.bg/pcgi/imot.cgi?act=5&adv=1c167542853259679,307 605 EUR,
www.imot.bg/pcgi/imot.cgi?act=5&adv=1c165910433590726,318 158 EUR,
www.imot.bg/pcgi/imot.cgi?act=5&adv=1c165035348259384,350 717 EUR,
www.imot.bg/pcgi/imot.cgi?act=5&adv=1c167455043670112,174 251 EUR,
www.imot.bg/pcgi/imot.cgi?act=5&adv=1c168063897863405,345 000 EUR,
www.imot.bg/pcgi/imot.cgi?act=5&adv=1d167043323439688,433 000 EUR,
www.imot.bg/pcgi/imot.cgi?act=5&adv=1c168052149986629,157 900 EUR,
www.imot.bg/pcgi/imot.cgi?act=5&adv=1d168052128943120,231 700 EUR,
www.imot.bg/pcgi/imot.cgi?act=5&adv=1d165775309383692,209 000 EUR,
www.imot.bg/pcgi/imot.cgi?act=5&adv=1c168028048324065,315 317 EUR,
www.imot.bg/pcgi/imot.cgi?act=5&adv=1c167455451530350,190 404 EUR,
www.imot.bg/pcgi/imot.cgi?act=5&adv=1d164906956499418,350 000 EUR,
www.imot.bg/pcgi/imot.cgi?act=5&adv=1c168007365747989,308 000 EUR,
www.imot.bg/pcgi/imot.cgi?act=5&adv=1c167990318789894,185 000 EUR,
www.imot.bg/pcgi/imot.cgi?act=5&adv=1c167986043270509,260 000 EUR,
www.imot.bg/pcgi/imot.cgi?act=5&adv=1c167982057762802,519 900 EUR,
www.imot.bg/pcgi/imot.cgi?act=5&adv=1c156226138927281,170 000 EUR,
www.imot.bg/pcgi/imot.cgi?act=5&adv=1c164873101869277,194 524 EUR,
www.imot.bg/pcgi/imot.cgi?act=5&adv=1c167896992251017,217 000 EUR,
www.imot.bg/pcgi/imot.cgi?act=5&adv=1d167896980656702,302 000 EUR,
www.imot.bg/pcgi/imot.cgi?act=5&adv=1c167881594978217,308 000 EUR,
www.imot.bg/pcgi/imot.cgi?act=5&adv=1c167845523745554,188 800 EUR,
www.imot.bg/pcgi/imot.cgi?act=5&adv=1c163595302928817,314 500 EUR,
www.imot.bg/pcgi/imot.cgi?act=5&adv=1d166669927850507,302 500 EUR,
www.imot.bg/pcgi/imot.cgi?act=5&adv=1c167809408913175,195 000 EUR,
www.imot.bg/pcgi/imot.cgi?act=5&adv=1d167662804803337,239 000 EUR,
www.imot.bg/pcgi/imot.cgi?act=5&adv=1c165035690446630,208 320 EUR,
www.imot.bg/pcgi/imot.cgi?act=5&adv=1c165035454296040,226 146 EUR,
www.imot.bg/pcgi/imot.cgi?act=5&adv=1c165035377560585,193 541 EUR,
www.imot.bg/pcgi/imot.cgi?act=5&adv=1c167667065199727,250 110 EUR,
www.imot.bg/pcgi/imot.cgi?act=5&adv=1c167586435108255,220 205 EUR,
www.imot.bg/pcgi/imot.cgi?act=5&adv=1d165692540507528,463 000 EUR,
www.imot.bg/pcgi/imot.cgi?act=5&adv=1d166964951715540,1 030 000 EUR,
www.imot.bg/pcgi/imot.cgi?act=5&adv=1c164508556759953,329 280 EUR,
www.imot.bg/pcgi/imot.cgi?act=5&adv=1c166913105105416,210 000 EUR,
www.imot.bg/pcgi/imot.cgi?act=5&adv=1c167474205594315,247 000 EUR,
www.imot.bg/pcgi/imot.cgi?act=5&adv=1c167465849644540,223 000 EUR,
www.imot.bg/pcgi/imot.cgi?act=5&adv=1d167447082728189,305 000 EUR,
www.imot.bg/pcgi/imot.cgi?act=5&adv=1c167423007208601,220 000 EUR,
www.imot.bg/pcgi/imot.cgi?act=5&adv=1c167422924504410,205 000 EUR,
www.imot.bg/pcgi/imot.cgi?act=5&adv=1d166427068178825,309 000 EUR,
www.imot.bg/pcgi/imot.cgi?act=5&adv=1c167396020163701,271 299 EUR,
www.imot.bg/pcgi/imot.cgi?act=5&adv=1c167388175368572,225 000 EUR,
www.imot.bg/pcgi/imot.cgi?act=5&adv=1c167344583299743,258 030 EUR,
www.imot.bg/pcgi/imot.cgi?act=5&adv=1c167344405155671,212 486 EUR,
www.imot.bg/pcgi/imot.cgi?act=5&adv=1c167344319816134,210 941 EUR,
www.imot.bg/pcgi/imot.cgi?act=5&adv=1d167326363561146,217 500 EUR,
www.imot.bg/pcgi/imot.cgi?act=5&adv=1c167316743225081,199 000 EUR,
www.imot.bg/pcgi/imot.cgi?act=5&adv=1d167268331451582,543 557 EUR,
www.imot.bg/pcgi/imot.cgi?act=5&adv=1c167268307101933,339 339 EUR,
www.imot.bg/pcgi/imot.cgi?act=5&adv=1d167267361569387,1 200 000 EUR,
www.imot.bg/pcgi/imot.cgi?act=5&adv=1c167100916368534,194 200 EUR,
www.imot.bg/pcgi/imot.cgi?act=5&adv=1c167100866281899,250 200 EUR,
www.imot.bg/pcgi/imot.cgi?act=5&adv=1c165692500575413,330 650 EUR,
www.imot.bg/pcgi/imot.cgi?act=5&adv=1c166972666048480,190 000 EUR,
www.imot.bg/pcgi/imot.cgi?act=5&adv=1c166022026904949,212 486 EUR,
www.imot.bg/pcgi/imot.cgi?act=5&adv=1c166021997126571,202 079 EUR,
www.imot.bg/pcgi/imot.cgi?act=5&adv=1d166828331138121,490 000 EUR,
www.imot.bg/pcgi/imot.cgi?act=5&adv=1c166092034449962,370 000 EUR,
www.imot.bg/pcgi/imot.cgi?act=5&adv=1c166792316264078,300 000 EUR,
www.imot.bg/pcgi/imot.cgi?act=5&adv=1c166792296913580,235 000 EUR,
www.imot.bg/pcgi/imot.cgi?act=5&adv=1d164544337693601,293 796 EUR,
www.imot.bg/pcgi/imot.cgi?act=5&adv=1d164544304850137,209 753 EUR,
www.imot.bg/pcgi/imot.cgi?act=5&adv=1d165815628052855,350 480 EUR,
www.imot.bg/pcgi/imot.cgi?act=5&adv=1d166747584053683,334 000 EUR,
www.imot.bg/pcgi/imot.cgi?act=5&adv=1c165815606585429,210 941 EUR,
www.imot.bg/pcgi/imot.cgi?act=5&adv=1c164544102811679,177 724 EUR,
www.imot.bg/pcgi/imot.cgi?act=5&adv=1d154997016790973,495 000 EUR,
www.imot.bg/pcgi/imot.cgi?act=5&adv=1c166625206231629,250 110 EUR,
www.imot.bg/pcgi/imot.cgi?act=5&adv=1c166599287580130,185 665 EUR,
www.imot.bg/pcgi/imot.cgi?act=5&adv=1c166566376567339,237 964 EUR,
www.imot.bg/pcgi/imot.cgi?act=5&adv=1d166566323947377,Цена при запитване,
www.imot.bg/pcgi/imot.cgi?act=5&adv=1c166566263294300,192 114 EUR,
www.imot.bg/pcgi/imot.cgi?act=5&adv=1c166566086752634,146 250 EUR,
www.imot.bg/pcgi/imot.cgi?act=5&adv=1c166566046667037,232 240 EUR,
www.imot.bg/pcgi/imot.cgi?act=5&adv=1c166566020500961,224 525 EUR,
www.imot.bg/pcgi/imot.cgi?act=5&adv=1c166565988474109,158 240 EUR,
www.imot.bg/pcgi/imot.cgi?act=5&adv=1c166565724328892,184 000 EUR,
www.imot.bg/pcgi/imot.cgi?act=5&adv=1c165686674831855,450 000 EUR,
www.imot.bg/pcgi/imot.cgi?act=5&adv=1c164794770526206,329 000 EUR,
www.imot.bg/pcgi/imot.cgi?act=5&adv=1c164780210741484,284 000 EUR,
www.imot.bg/pcgi/imot.cgi?act=5&adv=1c164089652403737,202 530 EUR,
www.imot.bg/pcgi/imot.cgi?act=5&adv=1c164089078241851,204 485 EUR,
www.imot.bg/pcgi/imot.cgi?act=5&adv=1c164598738430446,185 000 EUR,
www.imot.bg/pcgi/imot.cgi?act=5&adv=1c166435797733191,250 110 EUR,
www.imot.bg/pcgi/imot.cgi?act=5&adv=1c165285629813120,278 000 EUR,
www.imot.bg/pcgi/imot.cgi?act=5&adv=1c164552530336706,165 000 EUR,
www.imot.bg/pcgi/imot.cgi?act=5&adv=1d166124861126169,294 000 EUR,
www.imot.bg/pcgi/imot.cgi?act=5&adv=1c166124855551663,199 000 EUR,
www.imot.bg/pcgi/imot.cgi?act=5&adv=1c166124838497184,196 500 EUR,
www.imot.bg/pcgi/imot.cgi?act=5&adv=1d166124833343107,320 000 EUR,
www.imot.bg/pcgi/imot.cgi?act=5&adv=1c166124822701255,244 500 EUR,
www.imot.bg/pcgi/imot.cgi?act=5&adv=1c166124749710307,219 000 EUR,
www.imot.bg/pcgi/imot.cgi?act=5&adv=1d166124737320408,433 000 EUR,
www.imot.bg/pcgi/imot.cgi?act=5&adv=1c166022134961839,181 000 EUR,
www.imot.bg/pcgi/imot.cgi?act=5&adv=1c166021992016392,202 530 EUR,
www.imot.bg/pcgi/imot.cgi?act=5&adv=1d165882594777059,285 000 EUR,
www.imot.bg/pcgi/imot.cgi?act=5&adv=1c165882577026902,250 000 EUR,
www.imot.bg/pcgi/imot.cgi?act=5&adv=1c163967474395691,215 741 EUR,
www.imot.bg/pcgi/imot.cgi?act=5&adv=1c163710024305628,206 683 EUR,
www.imot.bg/pcgi/imot.cgi?act=5&adv=1c164977057716806,253 000 EUR,
www.imot.bg/pcgi/imot.cgi?act=5&adv=1c164009113472678,151 900 EUR,
www.imot.bg/pcgi/imot.cgi?act=5&adv=1c164089233888643,175 921 EUR,
www.imot.bg/pcgi/imot.cgi?act=5&adv=1d165558078047198,534 722 EUR,
www.imot.bg/pcgi/imot.cgi?act=5&adv=1d165557906165924,670 085 EUR,
www.imot.bg/pcgi/imot.cgi?act=5&adv=1d165537804603949,210 300 EUR,
www.imot.bg/pcgi/imot.cgi?act=5&adv=1c165459492998544,Цена при запитване,
www.imot.bg/pcgi/imot.cgi?act=5&adv=1d165459570031013,Цена при запитване,
www.imot.bg/pcgi/imot.cgi?act=5&adv=1c162859957146908,Цена при запитване,
www.imot.bg/pcgi/imot.cgi?act=5&adv=1c164917330830589,305 000 EUR,
www.imot.bg/pcgi/imot.cgi?act=5&adv=1c164459382077513,233 000 EUR,
www.imot.bg/pcgi/imot.cgi?act=5&adv=1c161304662815397,Цена при запитване,
